﻿"Periods";"Regions";"Price index of existing own homes/Price index purchase prices (2015=100)"
"2021 1st quarter";"Amsterdam";"   168.1"
"2021 2nd quarter";"Amsterdam";"   174.5"
"2021 3rd quarter";"Amsterdam";"   188.1"
"2021 4th quarter";"Amsterdam";"   190.2"
"2022 1st quarter";"Amsterdam";"   199.5"
"2022 2nd quarter";"Amsterdam";"   204.4"
"2022 3rd quarter";"Amsterdam";"   204.1"
"2022 4th quarter";"Amsterdam";"   192.4"
"2023 1st quarter";"Amsterdam";"   188.2"
"2021 1st quarter";"'s-Gravenhage (The Hague) (municipality)";"   166.6"
"2021 2nd quarter";"'s-Gravenhage (The Hague) (municipality)";"   176.3"
"2021 3rd quarter";"'s-Gravenhage (The Hague) (municipality)";"   185.7"
"2021 4th quarter";"'s-Gravenhage (The Hague) (municipality)";"   191.1"
"2022 1st quarter";"'s-Gravenhage (The Hague) (municipality)";"   197.5"
"2022 2nd quarter";"'s-Gravenhage (The Hague) (municipality)";"   201.1"
"2022 3rd quarter";"'s-Gravenhage (The Hague) (municipality)";"   204.4"
"2022 4th quarter";"'s-Gravenhage (The Hague) (municipality)";"   195.9"
"2023 1st quarter";"'s-Gravenhage (The Hague) (municipality)";"   192.5"
"2021 1st quarter";"Rotterdam";"   172.1"
"2021 2nd quarter";"Rotterdam";"   180.8"
"2021 3rd quarter";"Rotterdam";"   189.8"
"2021 4th quarter";"Rotterdam";"   198.7"
"2022 1st quarter";"Rotterdam";"   204.9"
"2022 2nd quarter";"Rotterdam";"   210.4"
"2022 3rd quarter";"Rotterdam";"   210.4"
"2022 4th quarter";"Rotterdam";"   206.9"
"2023 1st quarter";"Rotterdam";"   204.3"
"2021 1st quarter";"Utrecht (municipality)";"   173.5"
"2021 2nd quarter";"Utrecht (municipality)";"   184.6"
"2021 3rd quarter";"Utrecht (municipality)";"   197.2"
"2021 4th quarter";"Utrecht (municipality)";"   202.7"
"2022 1st quarter";"Utrecht (municipality)";"   210.4"
"2022 2nd quarter";"Utrecht (municipality)";"   217.0"
"2022 3rd quarter";"Utrecht (municipality)";"   213.6"
"2022 4th quarter";"Utrecht (municipality)";"   200.2"
"2023 1st quarter";"Utrecht (municipality)";"   194.8"
